name,time,cputime
/,1655683711,20276840000
/,1655683712,20277130000
/,1655683713,20277330000
/,1655683714,20277740000
/,1655683715,20278380000
/,1655683716,20279700000
/,1655683717,20279910000
/,1655683719,20280290000
/,1655683720,20281220000
/,1655683721,20281780000
/,1655683722,20282240000
/,1655683723,20282640000
/,1655683724,20283180000
/,1655683725,20283480000
/,1655683726,20283740000
/,1655683727,20284240000
/,1655683728,20284430000
/,1655683729,20284550000
/,1655683730,20284650000
/,1655683731,20284790000
/,1655683732,20284920000
/,1655683733,20285110000
/,1655683734,20285920000
/,1655683735,20286220000
/,1655683736,20286610000
/,1655683737,20287150000
/,1655683738,20287610000
/,1655683739,20287930000
/,1655683740,20288450000
/,1655683741,20289250000
/,1655683742,20289890000
/,1655683743,20290780000
/,1655683744,20292060000
/,1655683745,20292810000
/,1655683746,20293050000
/,1655683747,20293500000
/,1655683748,20294130000
/,1655683749,20294450000
/,1655683750,20295310000
/,1655683751,20295790000
/,1655683752,20297310000
/,1655683753,20298410000
/,1655683754,20299330000
/,1655683755,20300620000
/,1655683756,20301540000
/,1655683757,20302250000
/,1655683758,20302660000
/,1655683759,20303140000
/,1655683760,20303260000
